[
    {
      "noteId": "01",
      "authorId": "01_fake_author_id",
      "noteTitle": "01_Give your travel note a name here.",
      "coverImage": "https://res.cloudinary.com/drlkip0yc/image/upload/v1679311004/cover-landscape_w1fbtf.jpg",
      "date": "20.03.2023",
      "duration": 3,
      "rating": 3,
      "expense": 700,
      "numTravelers": 3,
      "targetGroup": "family",
      "destination": "Universität Zürich (UZH), Zentrum, Rämistrasse, Hochschulen, 8092, Zurich, Switzerland,",
      "coordinates": [
        8.551061422763539,
        47.3739351
      ]
    },
    {
      "noteId": "02",
      "authorId": "02_fake_author_id",
      "noteTitle": "02_Give your travel note a name here.",
      "coverImage": "https://res.cloudinary.com/drlkip0yc/image/upload/v1679311004/cover-landscape_w1fbtf.jpg",
      "date": "20.03.2023",
      "duration": 3,
      "rating": 3,
      "expense": 700,
      "numTravelers": 3,
      "targetGroup": "family",
      "destination": "Universität Zürich (UZH), Zentrum, Rämistrasse, Hochschulen, 8092, Zurich, Switzerland,",
      "coordinates": [8.549060736523257, 47.37079813093797 ]
    },
    {
      "noteId": "03",
      "authorId": "03_fake_author_id",
      "noteTitle": "03_Give your travel note a name here.",
      "coverImage": "https://res.cloudinary.com/drlkip0yc/image/upload/v1679311004/cover-landscape_w1fbtf.jpg",
      "date": "20.03.2023",
      "duration": 3,
      "rating": 3,
      "expense": 700,
      "numTravelers": 3,
      "targetGroup": "family",
      "destination": "Universität Zürich (UZH), Zentrum, Rämistrasse, Hochschulen, 8092, Zurich, Switzerland,",
      "coordinates": [8.545, 47.368]
    },
    {
      "noteId": "04",
      "authorId": "04_fake_author_id",
      "noteTitle": "04_Give your travel note a name here.",
      "coverImage": "https://res.cloudinary.com/drlkip0yc/image/upload/v1679311004/cover-landscape_w1fbtf.jpg",
      "date": "20.03.2023",
      "duration": 3,
      "rating": 3,
      "expense": 700,
      "numTravelers": 3,
      "targetGroup": "family",
      "destination": "Universität Zürich (UZH), Zentrum, Rämistrasse, Hochschulen, 8092, Zurich, Switzerland,",
      "coordinates": [
        8.551061422763539,
        47.3739351
      ]
    },
    {
      "noteId": "05",
      "authorId": "05_fake_author_id",
      "noteTitle": "05_Give your travel note a name here.",
      "coverImage": "https://res.cloudinary.com/drlkip0yc/image/upload/v1679311004/cover-landscape_w1fbtf.jpg",
      "date": "20.03.2023",
      "duration": 3,
      "rating": 3,
      "expense": 700,
      "numTravelers": 3,
      "targetGroup": "family",
      "destination": "Universität Zürich (UZH), Zentrum, Rämistrasse, Hochschulen, 8092, Zurich, Switzerland,",
      "coordinates": [
        8.551061422763539,
        47.3739351
      ]
    }
]
